{"cameraMode":{"drawMode":0,"name":"Shaded","section":"Shading Mode"},"sceneLighting":true,"audioPlay":false,"sceneViewState":{"showFog":true,"showMaterialUpdate":false,"showSkybox":true,"showFlares":true,"showImageEffects":true,"showParticleSystems":true},"in2DMode":false,"pivot":{"x":77.27989959716797,"y":-29.973215103149415,"z":34.069515228271487},"rotation":{"x":-0.1413649320602417,"y":-0.5334879159927368,"z":0.09097137302160263,"w":-0.8289335370063782},"size":95.22206115722656,"orthographic":false}