{"cameraMode":{"drawMode":0,"name":"Shaded","section":"Shading Mode"},"sceneLighting":false,"audioPlay":false,"sceneViewState":{"showFog":true,"showMaterialUpdate":false,"showSkybox":false,"showFlares":true,"showImageEffects":true,"showParticleSystems":true},"in2DMode":false,"pivot":{"x":1.1920928955078126e-7,"y":-0.8266502618789673,"z":0.28666940331459048},"rotation":{"x":-0.3262697160243988,"y":0.01668250933289528,"z":-0.005763390567153692,"w":-0.9451119899749756},"size":5.255229473114014,"orthographic":false}